Year,RoundNumber,EventName,QualyPos,FullName,TeamName,Q1,Q2,Q3,GridPosition,RacePos,Status,Points,Laps
2025,0,Pre-Season Testing,1.0,George Russell,Mercedes,0 days 00:01:29.928000,0 days 00:01:29.562000,0 days 00:01:29.158000,1.0,1.0,Finished,25.0,62.0
2025,0,Pre-Season Testing,2.0,Max Verstappen,Red Bull Racing,0 days 00:01:30.028000,0 days 00:01:29.572000,0 days 00:01:29.340000,2.0,2.0,Finished,18.0,62.0
2025,0,Pre-Season Testing,3.0,Oscar Piastri,McLaren,0 days 00:01:30.313000,0 days 00:01:29.813000,0 days 00:01:29.524000,3.0,4.0,Finished,12.0,62.0
2025,0,Pre-Season Testing,4.0,Kimi Antonelli,Mercedes,0 days 00:01:30.036000,0 days 00:01:29.649000,0 days 00:01:29.537000,4.0,5.0,Finished,10.0,62.0
2025,0,Pre-Season Testing,5.0,Lando Norris,McLaren,0 days 00:01:29.932000,0 days 00:01:29.809000,0 days 00:01:29.586000,5.0,3.0,Finished,15.0,62.0
2025,0,Pre-Season Testing,6.0,Lewis Hamilton,Ferrari,0 days 00:01:29.765000,0 days 00:01:29.936000,0 days 00:01:29.688000,6.0,8.0,Finished,4.0,62.0
2025,0,Pre-Season Testing,7.0,Charles Leclerc,Ferrari,0 days 00:01:30.370000,0 days 00:01:29.914000,0 days 00:01:29.784000,7.0,6.0,Finished,8.0,62.0
2025,0,Pre-Season Testing,8.0,Isack Hadjar,Racing Bulls,0 days 00:01:30.214000,0 days 00:01:30.016000,0 days 00:01:29.846000,8.0,11.0,Lapped,0.0,61.0
2025,0,Pre-Season Testing,9.0,Oliver Bearman,Haas F1 Team,0 days 00:01:30.420000,0 days 00:01:30.076000,0 days 00:01:29.868000,9.0,9.0,Finished,2.0,62.0
2025,0,Pre-Season Testing,10.0,Fernando Alonso,Aston Martin,0 days 00:01:30.745000,0 days 00:01:30.054000,0 days 00:01:29.955000,10.0,7.0,Finished,6.0,62.0
2025,0,Pre-Season Testing,11.0,Nico Hulkenberg,Kick Sauber,0 days 00:01:30.715000,0 days 00:01:30.141000,,11.0,20.0,Lapped,0.0,61.0
2025,0,Pre-Season Testing,12.0,Liam Lawson,Racing Bulls,0 days 00:01:30.681000,0 days 00:01:30.320000,,12.0,15.0,Lapped,0.0,61.0
2025,0,Pre-Season Testing,13.0,Yuki Tsunoda,Red Bull Racing,0 days 00:01:30.574000,0 days 00:01:30.353000,,13.0,12.0,Lapped,0.0,61.0
2025,0,Pre-Season Testing,14.0,Gabriel Bortoleto,Kick Sauber,0 days 00:01:30.820000,,,14.0,17.0,Lapped,0.0,61.0
2025,0,Pre-Season Testing,15.0,Lance Stroll,Aston Martin,0 days 00:01:30.949000,,,15.0,13.0,Lapped,0.0,61.0
2025,0,Pre-Season Testing,16.0,Franco Colapinto,Alpine,0 days 00:01:30.982000,,,16.0,16.0,Lapped,0.0,61.0
2025,0,Pre-Season Testing,17.0,Esteban Ocon,Haas F1 Team,0 days 00:01:30.989000,,,17.0,18.0,Lapped,0.0,61.0
2025,0,Pre-Season Testing,18.0,Pierre Gasly,Alpine,0 days 00:01:31.261000,,,19.0,19.0,Lapped,0.0,61.0
2025,0,Pre-Season Testing,19.0,Alexander Albon,Williams,,,,20.0,14.0,Lapped,0.0,61.0
2025,0,Pre-Season Testing,20.0,Carlos Sainz,Williams,,,,18.0,10.0,Lapped,1.0,61.0
2025,1,Australian Grand Prix,1.0,Lando Norris,McLaren,0 days 00:01:15.912000,0 days 00:01:15.415000,0 days 00:01:15.096000,1.0,1.0,Finished,25.0,57.0
2025,1,Australian Grand Prix,2.0,Oscar Piastri,McLaren,0 days 00:01:16.062000,0 days 00:01:15.468000,0 days 00:01:15.180000,2.0,9.0,Finished,2.0,57.0
2025,1,Australian Grand Prix,3.0,Max Verstappen,Red Bull Racing,0 days 00:01:16.018000,0 days 00:01:15.565000,0 days 00:01:15.481000,3.0,2.0,Finished,18.0,57.0
2025,1,Australian Grand Prix,4.0,George Russell,Mercedes,0 days 00:01:15.971000,0 days 00:01:15.798000,0 days 00:01:15.546000,4.0,3.0,Finished,15.0,57.0
2025,1,Australian Grand Prix,5.0,Yuki Tsunoda,Racing Bulls,0 days 00:01:16.225000,0 days 00:01:16.009000,0 days 00:01:15.670000,5.0,12.0,Finished,0.0,57.0
2025,1,Australian Grand Prix,6.0,Alexander Albon,Williams,0 days 00:01:16.245000,0 days 00:01:16.017000,0 days 00:01:15.737000,6.0,5.0,Finished,10.0,57.0
2025,1,Australian Grand Prix,7.0,Charles Leclerc,Ferrari,0 days 00:01:16.029000,0 days 00:01:15.827000,0 days 00:01:15.755000,7.0,8.0,Finished,4.0,57.0
2025,1,Australian Grand Prix,8.0,Lewis Hamilton,Ferrari,0 days 00:01:16.213000,0 days 00:01:15.919000,0 days 00:01:15.973000,8.0,10.0,Finished,1.0,57.0
2025,1,Australian Grand Prix,9.0,Pierre Gasly,Alpine,0 days 00:01:16.328000,0 days 00:01:16.112000,0 days 00:01:15.980000,9.0,11.0,Finished,0.0,57.0
2025,1,Australian Grand Prix,10.0,Carlos Sainz,Williams,0 days 00:01:16.360000,0 days 00:01:15.931000,0 days 00:01:16.062000,10.0,18.0,Retired,0.0,0.0
2025,1,Australian Grand Prix,11.0,Isack Hadjar,Racing Bulls,0 days 00:01:16.354000,0 days 00:01:16.175000,,11.0,20.0,Retired,0.0,0.0
2025,1,Australian Grand Prix,12.0,Fernando Alonso,Aston Martin,0 days 00:01:16.288000,0 days 00:01:16.453000,,12.0,17.0,Retired,0.0,32.0
2025,1,Australian Grand Prix,13.0,Lance Stroll,Aston Martin,0 days 00:01:16.369000,0 days 00:01:16.483000,,13.0,6.0,Finished,8.0,57.0
2025,1,Australian Grand Prix,14.0,Jack Doohan,Alpine,0 days 00:01:16.315000,0 days 00:01:16.863000,,14.0,19.0,Retired,0.0,0.0
2025,1,Australian Grand Prix,15.0,Gabriel Bortoleto,Kick Sauber,0 days 00:01:16.516000,0 days 00:01:17.520000,,15.0,16.0,Retired,0.0,45.0
2025,1,Australian Grand Prix,16.0,Andrea Kimi Antonelli,Mercedes,0 days 00:01:16.525000,,,16.0,4.0,Finished,12.0,57.0
2025,1,Australian Grand Prix,17.0,Nico Hulkenberg,Kick Sauber,0 days 00:01:16.579000,,,17.0,7.0,Finished,6.0,57.0
2025,1,Australian Grand Prix,18.0,Liam Lawson,Red Bull Racing,0 days 00:01:17.094000,,,18.0,15.0,Retired,0.0,46.0
2025,1,Australian Grand Prix,19.0,Esteban Ocon,Haas F1 Team,0 days 00:01:17.147000,,,19.0,13.0,Finished,0.0,57.0
2025,1,Australian Grand Prix,20.0,Oliver Bearman,Haas F1 Team,,,,20.0,14.0,Finished,0.0,57.0
2025,2,Chinese Grand Prix,1.0,Oscar Piastri,McLaren,0 days 00:01:31.591000,0 days 00:01:31.200000,0 days 00:01:30.641000,1.0,1.0,Finished,25.0,56.0
2025,2,Chinese Grand Prix,2.0,George Russell,Mercedes,0 days 00:01:31.295000,0 days 00:01:31.307000,0 days 00:01:30.723000,2.0,3.0,Finished,15.0,56.0
2025,2,Chinese Grand Prix,3.0,Lando Norris,McLaren,0 days 00:01:30.983000,0 days 00:01:30.787000,0 days 00:01:30.793000,3.0,2.0,Finished,18.0,56.0
2025,2,Chinese Grand Prix,4.0,Max Verstappen,Red Bull Racing,0 days 00:01:31.424000,0 days 00:01:31.142000,0 days 00:01:30.817000,4.0,4.0,Finished,12.0,56.0
2025,2,Chinese Grand Prix,5.0,Lewis Hamilton,Ferrari,0 days 00:01:31.690000,0 days 00:01:31.501000,0 days 00:01:30.927000,5.0,19.0,Disqualified,0.0,0.0
2025,2,Chinese Grand Prix,6.0,Charles Leclerc,Ferrari,0 days 00:01:31.579000,0 days 00:01:31.450000,0 days 00:01:31.021000,6.0,18.0,Disqualified,0.0,0.0
2025,2,Chinese Grand Prix,7.0,Isack Hadjar,Racing Bulls,0 days 00:01:31.162000,0 days 00:01:31.253000,0 days 00:01:31.079000,7.0,11.0,Finished,0.0,56.0
2025,2,Chinese Grand Prix,8.0,Andrea Kimi Antonelli,Mercedes,0 days 00:01:31.676000,0 days 00:01:31.590000,0 days 00:01:31.103000,,,,,
2025,2,Chinese Grand Prix,9.0,Yuki Tsunoda,Racing Bulls,0 days 00:01:31.238000,0 days 00:01:31.260000,0 days 00:01:31.638000,9.0,16.0,Lapped,0.0,55.0
2025,2,Chinese Grand Prix,10.0,Alexander Albon,Williams,0 days 00:01:31.503000,0 days 00:01:31.595000,0 days 00:01:31.706000,10.0,7.0,Finished,6.0,56.0
2025,2,Chinese Grand Prix,11.0,Esteban Ocon,Haas F1 Team,0 days 00:01:31.876000,0 days 00:01:31.625000,,11.0,5.0,Finished,10.0,56.0
2025,2,Chinese Grand Prix,12.0,Nico Hulkenberg,Kick Sauber,0 days 00:01:31.921000,0 days 00:01:31.632000,,12.0,15.0,Lapped,0.0,55.0
2025,2,Chinese Grand Prix,13.0,Fernando Alonso,Aston Martin,0 days 00:01:31.719000,0 days 00:01:31.688000,,13.0,17.0,Retired,0.0,4.0
2025,2,Chinese Grand Prix,14.0,Lance Stroll,Aston Martin,0 days 00:01:31.923000,0 days 00:01:31.773000,,14.0,9.0,Finished,2.0,56.0
2025,2,Chinese Grand Prix,15.0,Carlos Sainz,Williams,0 days 00:01:31.628000,0 days 00:01:31.840000,,15.0,10.0,Finished,1.0,56.0
2025,2,Chinese Grand Prix,16.0,Pierre Gasly,Alpine,0 days 00:01:31.992000,,,16.0,20.0,Disqualified,0.0,0.0
2025,2,Chinese Grand Prix,17.0,Oliver Bearman,Haas F1 Team,0 days 00:01:32.018000,,,17.0,8.0,Finished,4.0,56.0
2025,2,Chinese Grand Prix,18.0,Jack Doohan,Alpine,0 days 00:01:32.092000,,,18.0,13.0,Finished,0.0,56.0
2025,2,Chinese Grand Prix,19.0,Gabriel Bortoleto,Kick Sauber,0 days 00:01:32.141000,,,19.0,14.0,Lapped,0.0,55.0
2025,2,Chinese Grand Prix,20.0,Liam Lawson,Red Bull Racing,0 days 00:01:32.174000,,,20.0,12.0,Finished,0.0,56.0
2025,3,Japanese Grand Prix,1.0,Max Verstappen,Red Bull Racing,0 days 00:01:27.943000,0 days 00:01:27.502000,0 days 00:01:26.983000,1.0,1.0,Finished,25.0,53.0
2025,3,Japanese Grand Prix,2.0,Lando Norris,McLaren,0 days 00:01:27.845000,0 days 00:01:27.146000,0 days 00:01:26.995000,2.0,2.0,Finished,18.0,53.0
2025,3,Japanese Grand Prix,3.0,Oscar Piastri,McLaren,0 days 00:01:27.687000,0 days 00:01:27.507000,0 days 00:01:27.027000,3.0,3.0,Finished,15.0,53.0
2025,3,Japanese Grand Prix,4.0,Charles Leclerc,Ferrari,0 days 00:01:27.920000,0 days 00:01:27.555000,0 days 00:01:27.299000,4.0,4.0,Finished,12.0,53.0
2025,3,Japanese Grand Prix,5.0,George Russell,Mercedes,0 days 00:01:27.843000,0 days 00:01:27.400000,0 days 00:01:27.318000,5.0,5.0,Finished,10.0,53.0
2025,3,Japanese Grand Prix,6.0,Kimi Antonelli,Mercedes,0 days 00:01:27.968000,0 days 00:01:27.639000,0 days 00:01:27.555000,6.0,6.0,Finished,8.0,53.0
2025,3,Japanese Grand Prix,7.0,Isack Hadjar,Racing Bulls,0 days 00:01:28.278000,0 days 00:01:27.775000,0 days 00:01:27.569000,7.0,8.0,Finished,4.0,53.0
2025,3,Japanese Grand Prix,8.0,Lewis Hamilton,Ferrari,0 days 00:01:27.942000,0 days 00:01:27.610000,0 days 00:01:27.610000,8.0,7.0,Finished,6.0,53.0
2025,3,Japanese Grand Prix,9.0,Alexander Albon,Williams,0 days 00:01:28.218000,0 days 00:01:27.783000,0 days 00:01:27.615000,9.0,9.0,Finished,2.0,53.0
2025,3,Japanese Grand Prix,10.0,Oliver Bearman,Haas F1 Team,0 days 00:01:28.228000,0 days 00:01:27.711000,0 days 00:01:27.867000,10.0,10.0,Finished,1.0,53.0
2025,3,Japanese Grand Prix,11.0,Pierre Gasly,Alpine,0 days 00:01:28.186000,0 days 00:01:27.822000,,11.0,13.0,Finished,0.0,53.0
2025,3,Japanese Grand Prix,12.0,Carlos Sainz,Williams,0 days 00:01:28.209000,0 days 00:01:27.836000,,15.0,14.0,Finished,0.0,53.0
2025,3,Japanese Grand Prix,13.0,Fernando Alonso,Aston Martin,0 days 00:01:28.337000,0 days 00:01:27.897000,,12.0,11.0,Finished,0.0,53.0
2025,3,Japanese Grand Prix,14.0,Liam Lawson,Racing Bulls,0 days 00:01:28.554000,0 days 00:01:27.906000,,13.0,17.0,Finished,0.0,53.0
2025,3,Japanese Grand Prix,15.0,Yuki Tsunoda,Red Bull Racing,0 days 00:01:27.967000,0 days 00:01:28,,14.0,12.0,Finished,0.0,53.0
2025,3,Japanese Grand Prix,16.0,Nico Hulkenberg,Kick Sauber,0 days 00:01:28.570000,,,16.0,16.0,Finished,0.0,53.0
2025,3,Japanese Grand Prix,17.0,Gabriel Bortoleto,Kick Sauber,0 days 00:01:28.622000,,,17.0,19.0,Finished,0.0,53.0
2025,3,Japanese Grand Prix,18.0,Esteban Ocon,Haas F1 Team,0 days 00:01:28.696000,,,18.0,18.0,Finished,0.0,53.0
2025,3,Japanese Grand Prix,19.0,Jack Doohan,Alpine,0 days 00:01:28.877000,,,19.0,15.0,Finished,0.0,53.0
2025,3,Japanese Grand Prix,20.0,Lance Stroll,Aston Martin,0 days 00:01:29.271000,,,20.0,20.0,Lapped,0.0,52.0
2025,4,Bahrain Grand Prix,1.0,Oscar Piastri,McLaren,0 days 00:01:31.392000,0 days 00:01:30.454000,0 days 00:01:29.841000,1.0,1.0,Finished,25.0,57.0
2025,4,Bahrain Grand Prix,2.0,George Russell,Mercedes,0 days 00:01:31.494000,0 days 00:01:30.664000,0 days 00:01:30.009000,3.0,2.0,Finished,18.0,57.0
2025,4,Bahrain Grand Prix,3.0,Charles Leclerc,Ferrari,0 days 00:01:31.454000,0 days 00:01:30.724000,0 days 00:01:30.175000,2.0,4.0,Finished,12.0,57.0
2025,4,Bahrain Grand Prix,4.0,Kimi Antonelli,Mercedes,0 days 00:01:31.415000,0 days 00:01:30.716000,0 days 00:01:30.213000,5.0,11.0,Finished,0.0,57.0
2025,4,Bahrain Grand Prix,5.0,Pierre Gasly,Alpine,0 days 00:01:31.462000,0 days 00:01:30.643000,0 days 00:01:30.216000,4.0,7.0,Finished,6.0,57.0
2025,4,Bahrain Grand Prix,6.0,Lando Norris,McLaren,0 days 00:01:31.107000,0 days 00:01:30.560000,0 days 00:01:30.267000,6.0,3.0,Finished,15.0,57.0
2025,4,Bahrain Grand Prix,7.0,Max Verstappen,Red Bull Racing,0 days 00:01:31.303000,0 days 00:01:31.019000,0 days 00:01:30.423000,7.0,6.0,Finished,8.0,57.0
2025,4,Bahrain Grand Prix,8.0,Carlos Sainz,Williams,0 days 00:01:31.591000,0 days 00:01:30.844000,0 days 00:01:30.680000,8.0,19.0,Retired,0.0,45.0
2025,4,Bahrain Grand Prix,9.0,Lewis Hamilton,Ferrari,0 days 00:01:31.219000,0 days 00:01:31.009000,0 days 00:01:30.772000,9.0,5.0,Finished,10.0,57.0
2025,4,Bahrain Grand Prix,10.0,Yuki Tsunoda,Red Bull Racing,0 days 00:01:31.751000,0 days 00:01:31.228000,0 days 00:01:31.303000,10.0,9.0,Finished,2.0,57.0
2025,4,Bahrain Grand Prix,11.0,Jack Doohan,Alpine,0 days 00:01:31.414000,0 days 00:01:31.245000,,11.0,14.0,Finished,0.0,57.0
2025,4,Bahrain Grand Prix,12.0,Isack Hadjar,Racing Bulls,0 days 00:01:31.591000,0 days 00:01:31.271000,,12.0,13.0,Finished,0.0,57.0
2025,4,Bahrain Grand Prix,13.0,Fernando Alonso,Aston Martin,0 days 00:01:31.634000,0 days 00:01:31.886000,,13.0,15.0,Finished,0.0,57.0
2025,4,Bahrain Grand Prix,14.0,Esteban Ocon,Haas F1 Team,0 days 00:01:31.594000,,,14.0,8.0,Finished,4.0,57.0
2025,4,Bahrain Grand Prix,15.0,Alexander Albon,Williams,0 days 00:01:32.040000,,,15.0,12.0,Finished,0.0,57.0
2025,4,Bahrain Grand Prix,16.0,Nico Hulkenberg,Kick Sauber,0 days 00:01:32.067000,,,16.0,20.0,Disqualified,0.0,0.0
2025,4,Bahrain Grand Prix,17.0,Liam Lawson,Racing Bulls,0 days 00:01:32.165000,,,17.0,16.0,Finished,0.0,57.0
2025,4,Bahrain Grand Prix,18.0,Gabriel Bortoleto,Kick Sauber,0 days 00:01:32.186000,,,18.0,18.0,Finished,0.0,57.0
2025,4,Bahrain Grand Prix,19.0,Lance Stroll,Aston Martin,0 days 00:01:32.283000,,,19.0,17.0,Finished,0.0,57.0
2025,4,Bahrain Grand Prix,20.0,Oliver Bearman,Haas F1 Team,0 days 00:01:32.373000,,,20.0,10.0,Finished,1.0,57.0
2025,5,Saudi Arabian Grand Prix,1.0,Max Verstappen,Red Bull Racing,0 days 00:01:27.778000,0 days 00:01:27.529000,0 days 00:01:27.294000,1.0,2.0,Finished,18.0,50.0
2025,5,Saudi Arabian Grand Prix,2.0,Oscar Piastri,McLaren,0 days 00:01:27.901000,0 days 00:01:27.545000,0 days 00:01:27.304000,2.0,1.0,Finished,25.0,50.0
2025,5,Saudi Arabian Grand Prix,3.0,George Russell,Mercedes,0 days 00:01:28.282000,0 days 00:01:27.599000,0 days 00:01:27.407000,3.0,5.0,Finished,10.0,50.0
2025,5,Saudi Arabian Grand Prix,4.0,Charles Leclerc,Ferrari,0 days 00:01:28.552000,0 days 00:01:27.866000,0 days 00:01:27.670000,4.0,3.0,Finished,15.0,50.0
2025,5,Saudi Arabian Grand Prix,5.0,Kimi Antonelli,Mercedes,0 days 00:01:28.128000,0 days 00:01:27.798000,0 days 00:01:27.866000,5.0,6.0,Finished,8.0,50.0
2025,5,Saudi Arabian Grand Prix,6.0,Carlos Sainz,Williams,0 days 00:01:28.354000,0 days 00:01:28.024000,0 days 00:01:28.164000,6.0,8.0,Finished,4.0,50.0
2025,5,Saudi Arabian Grand Prix,7.0,Lewis Hamilton,Ferrari,0 days 00:01:28.372000,0 days 00:01:28.102000,0 days 00:01:28.201000,7.0,7.0,Finished,6.0,50.0
2025,5,Saudi Arabian Grand Prix,8.0,Yuki Tsunoda,Red Bull Racing,0 days 00:01:28.226000,0 days 00:01:27.990000,0 days 00:01:28.204000,8.0,19.0,Retired,0.0,1.0
2025,5,Saudi Arabian Grand Prix,9.0,Pierre Gasly,Alpine,0 days 00:01:28.421000,0 days 00:01:28.025000,0 days 00:01:28.367000,9.0,20.0,Retired,0.0,0.0
2025,5,Saudi Arabian Grand Prix,10.0,Lando Norris,McLaren,0 days 00:01:27.805000,0 days 00:01:27.481000,,10.0,4.0,Finished,12.0,50.0
2025,5,Saudi Arabian Grand Prix,11.0,Alexander Albon,Williams,0 days 00:01:28.279000,0 days 00:01:28.109000,,11.0,9.0,Finished,2.0,50.0
2025,5,Saudi Arabian Grand Prix,12.0,Liam Lawson,Racing Bulls,0 days 00:01:28.561000,0 days 00:01:28.191000,,12.0,12.0,Finished,0.0,50.0
2025,5,Saudi Arabian Grand Prix,13.0,Fernando Alonso,Aston Martin,0 days 00:01:28.548000,0 days 00:01:28.303000,,13.0,11.0,Finished,0.0,50.0
2025,5,Saudi Arabian Grand Prix,14.0,Isack Hadjar,Racing Bulls,0 days 00:01:28.571000,0 days 00:01:28.418000,,14.0,10.0,Finished,1.0,50.0
2025,5,Saudi Arabian Grand Prix,15.0,Oliver Bearman,Haas F1 Team,0 days 00:01:28.536000,0 days 00:01:28.648000,,15.0,13.0,Finished,0.0,50.0
2025,5,Saudi Arabian Grand Prix,16.0,Lance Stroll,Aston Martin,0 days 00:01:28.645000,,,16.0,16.0,Lapped,0.0,49.0
2025,5,Saudi Arabian Grand Prix,17.0,Jack Doohan,Alpine,0 days 00:01:28.739000,,,17.0,17.0,Lapped,0.0,49.0
2025,5,Saudi Arabian Grand Prix,18.0,Nico Hulkenberg,Kick Sauber,0 days 00:01:28.782000,,,18.0,15.0,Lapped,0.0,49.0
2025,5,Saudi Arabian Grand Prix,19.0,Esteban Ocon,Haas F1 Team,0 days 00:01:29.092000,,,19.0,14.0,Finished,0.0,50.0
2025,5,Saudi Arabian Grand Prix,20.0,Gabriel Bortoleto,Kick Sauber,0 days 00:01:29.462000,,,20.0,18.0,Lapped,0.0,49.0
2025,6,Miami Grand Prix,1.0,Max Verstappen,Red Bull Racing,0 days 00:01:26.870000,0 days 00:01:26.643000,0 days 00:01:26.204000,1.0,4.0,Finished,12.0,57.0
2025,6,Miami Grand Prix,2.0,Lando Norris,McLaren,0 days 00:01:26.955000,0 days 00:01:26.499000,0 days 00:01:26.269000,2.0,2.0,Finished,18.0,57.0
2025,6,Miami Grand Prix,3.0,Kimi Antonelli,Mercedes,0 days 00:01:27.077000,0 days 00:01:26.606000,0 days 00:01:26.271000,3.0,6.0,Finished,8.0,57.0
2025,6,Miami Grand Prix,4.0,Oscar Piastri,McLaren,0 days 00:01:27.006000,0 days 00:01:26.269000,0 days 00:01:26.375000,4.0,1.0,Finished,25.0,57.0
2025,6,Miami Grand Prix,5.0,George Russell,Mercedes,0 days 00:01:27.014000,0 days 00:01:26.575000,0 days 00:01:26.385000,5.0,3.0,Finished,15.0,57.0
2025,6,Miami Grand Prix,6.0,Carlos Sainz,Williams,0 days 00:01:27.098000,0 days 00:01:26.847000,0 days 00:01:26.569000,6.0,9.0,Finished,2.0,57.0
2025,6,Miami Grand Prix,7.0,Alexander Albon,Williams,0 days 00:01:27.042000,0 days 00:01:26.855000,0 days 00:01:26.682000,7.0,5.0,Finished,10.0,57.0
2025,6,Miami Grand Prix,8.0,Charles Leclerc,Ferrari,0 days 00:01:27.417000,0 days 00:01:26.948000,0 days 00:01:26.754000,8.0,7.0,Finished,6.0,57.0
2025,6,Miami Grand Prix,9.0,Esteban Ocon,Haas F1 Team,0 days 00:01:27.450000,0 days 00:01:26.967000,0 days 00:01:26.824000,9.0,12.0,Finished,0.0,57.0
2025,6,Miami Grand Prix,10.0,Yuki Tsunoda,Red Bull Racing,0 days 00:01:27.298000,0 days 00:01:26.959000,0 days 00:01:26.943000,10.0,10.0,Finished,1.0,57.0
2025,6,Miami Grand Prix,11.0,Isack Hadjar,Racing Bulls,0 days 00:01:27.301000,0 days 00:01:26.987000,,11.0,11.0,Finished,0.0,57.0
2025,6,Miami Grand Prix,12.0,Lewis Hamilton,Ferrari,0 days 00:01:27.279000,0 days 00:01:27.006000,,12.0,8.0,Finished,4.0,57.0
2025,6,Miami Grand Prix,13.0,Gabriel Bortoleto,Kick Sauber,0 days 00:01:27.343000,0 days 00:01:27.151000,,13.0,18.0,Retired,0.0,30.0
2025,6,Miami Grand Prix,14.0,Jack Doohan,Alpine,0 days 00:01:27.422000,0 days 00:01:27.186000,,14.0,20.0,Retired,0.0,0.0
2025,6,Miami Grand Prix,15.0,Liam Lawson,Racing Bulls,0 days 00:01:27.444000,0 days 00:01:27.363000,,15.0,17.0,Retired,0.0,36.0
2025,6,Miami Grand Prix,16.0,Nico Hulkenberg,Kick Sauber,0 days 00:01:27.473000,,,16.0,14.0,Lapped,0.0,56.0
2025,6,Miami Grand Prix,17.0,Fernando Alonso,Aston Martin,0 days 00:01:27.604000,,,17.0,15.0,Lapped,0.0,56.0
2025,6,Miami Grand Prix,18.0,Pierre Gasly,Alpine,0 days 00:01:27.710000,,,20.0,13.0,Finished,0.0,57.0
2025,6,Miami Grand Prix,19.0,Lance Stroll,Aston Martin,0 days 00:01:27.830000,,,18.0,16.0,Lapped,0.0,56.0
2025,6,Miami Grand Prix,20.0,Oliver Bearman,Haas F1 Team,0 days 00:01:27.999000,,,19.0,19.0,Retired,0.0,27.0
2025,7,Emilia Romagna Grand Prix,1.0,Oscar Piastri,McLaren,0 days 00:01:15.500000,0 days 00:01:15.214000,0 days 00:01:14.670000,1.0,3.0,Finished,15.0,63.0
2025,7,Emilia Romagna Grand Prix,2.0,Max Verstappen,Red Bull Racing,0 days 00:01:15.175000,0 days 00:01:15.394000,0 days 00:01:14.704000,2.0,1.0,Finished,25.0,63.0
2025,7,Emilia Romagna Grand Prix,3.0,George Russell,Mercedes,0 days 00:01:15.852000,0 days 00:01:15.334000,0 days 00:01:14.807000,3.0,7.0,Finished,6.0,63.0
2025,7,Emilia Romagna Grand Prix,4.0,Lando Norris,McLaren,0 days 00:01:15.894000,0 days 00:01:15.261000,0 days 00:01:14.962000,4.0,2.0,Finished,18.0,63.0
2025,7,Emilia Romagna Grand Prix,5.0,Fernando Alonso,Aston Martin,0 days 00:01:15.695000,0 days 00:01:15.442000,0 days 00:01:15.431000,5.0,11.0,Finished,0.0,63.0
2025,7,Emilia Romagna Grand Prix,6.0,Carlos Sainz,Williams,0 days 00:01:15.987000,0 days 00:01:15.198000,0 days 00:01:15.432000,6.0,8.0,Finished,4.0,63.0
2025,7,Emilia Romagna Grand Prix,7.0,Alexander Albon,Williams,0 days 00:01:16.123000,0 days 00:01:15.521000,0 days 00:01:15.473000,7.0,5.0,Finished,10.0,63.0
2025,7,Emilia Romagna Grand Prix,8.0,Lance Stroll,Aston Martin,0 days 00:01:15.817000,0 days 00:01:15.497000,0 days 00:01:15.581000,8.0,15.0,Finished,0.0,63.0
2025,7,Emilia Romagna Grand Prix,9.0,Isack Hadjar,Racing Bulls,0 days 00:01:16.253000,0 days 00:01:15.510000,0 days 00:01:15.746000,9.0,9.0,Finished,2.0,63.0
2025,7,Emilia Romagna Grand Prix,10.0,Pierre Gasly,Alpine,0 days 00:01:15.937000,0 days 00:01:15.505000,0 days 00:01:15.787000,10.0,13.0,Finished,0.0,63.0
2025,7,Emilia Romagna Grand Prix,11.0,Charles Leclerc,Ferrari,0 days 00:01:16.108000,0 days 00:01:15.604000,,11.0,6.0,Finished,8.0,63.0
2025,7,Emilia Romagna Grand Prix,12.0,Lewis Hamilton,Ferrari,0 days 00:01:16.163000,0 days 00:01:15.765000,,12.0,4.0,Finished,12.0,63.0
2025,7,Emilia Romagna Grand Prix,13.0,Kimi Antonelli,Mercedes,0 days 00:01:15.943000,0 days 00:01:15.772000,,13.0,19.0,Retired,0.0,44.0
2025,7,Emilia Romagna Grand Prix,14.0,Gabriel Bortoleto,Kick Sauber,0 days 00:01:16.340000,0 days 00:01:16.260000,,14.0,18.0,Finished,0.0,63.0
2025,7,Emilia Romagna Grand Prix,15.0,Franco Colapinto,Alpine,0 days 00:01:16.256000,,,16.0,16.0,Finished,0.0,63.0
2025,7,Emilia Romagna Grand Prix,16.0,Liam Lawson,Racing Bulls,0 days 00:01:16.379000,,,15.0,14.0,Finished,0.0,63.0
2025,7,Emilia Romagna Grand Prix,17.0,Nico Hulkenberg,Kick Sauber,0 days 00:01:16.518000,,,17.0,12.0,Finished,0.0,63.0
2025,7,Emilia Romagna Grand Prix,18.0,Esteban Ocon,Haas F1 Team,0 days 00:01:16.613000,,,18.0,20.0,Retired,0.0,27.0
2025,7,Emilia Romagna Grand Prix,19.0,Oliver Bearman,Haas F1 Team,0 days 00:01:16.918000,,,19.0,17.0,Finished,0.0,63.0
2025,7,Emilia Romagna Grand Prix,20.0,Yuki Tsunoda,Red Bull Racing,,,,20.0,10.0,Finished,1.0,63.0
2025,8,Monaco Grand Prix,1.0,Lando Norris,McLaren,0 days 00:01:11.285000,0 days 00:01:10.570000,0 days 00:01:09.954000,1.0,1.0,Finished,25.0,78.0
2025,8,Monaco Grand Prix,2.0,Charles Leclerc,Ferrari,0 days 00:01:11.229000,0 days 00:01:10.581000,0 days 00:01:10.063000,2.0,2.0,Finished,18.0,78.0
2025,8,Monaco Grand Prix,3.0,Oscar Piastri,McLaren,0 days 00:01:11.308000,0 days 00:01:10.858000,0 days 00:01:10.129000,3.0,3.0,Finished,15.0,78.0
2025,8,Monaco Grand Prix,4.0,Lewis Hamilton,Ferrari,0 days 00:01:11.575000,0 days 00:01:10.883000,0 days 00:01:10.382000,7.0,5.0,Finished,10.0,78.0
2025,8,Monaco Grand Prix,5.0,Max Verstappen,Red Bull Racing,0 days 00:01:11.431000,0 days 00:01:10.875000,0 days 00:01:10.669000,4.0,4.0,Finished,12.0,78.0
2025,8,Monaco Grand Prix,6.0,Isack Hadjar,Racing Bulls,0 days 00:01:11.811000,0 days 00:01:11.040000,0 days 00:01:10.923000,5.0,6.0,Lapped,8.0,77.0
2025,8,Monaco Grand Prix,7.0,Fernando Alonso,Aston Martin,0 days 00:01:11.674000,0 days 00:01:11.182000,0 days 00:01:10.924000,6.0,19.0,Retired,0.0,36.0
2025,8,Monaco Grand Prix,8.0,Esteban Ocon,Haas F1 Team,0 days 00:01:11.839000,0 days 00:01:11.262000,0 days 00:01:10.942000,8.0,7.0,Lapped,6.0,77.0
2025,8,Monaco Grand Prix,9.0,Liam Lawson,Racing Bulls,0 days 00:01:11.818000,0 days 00:01:11.250000,0 days 00:01:11.129000,9.0,8.0,Lapped,4.0,77.0
2025,8,Monaco Grand Prix,10.0,Alexander Albon,Williams,0 days 00:01:11.629000,0 days 00:01:10.732000,0 days 00:01:11.213000,10.0,9.0,Lapped,2.0,76.0
2025,8,Monaco Grand Prix,11.0,Carlos Sainz,Williams,0 days 00:01:11.707000,0 days 00:01:11.362000,,11.0,10.0,Lapped,1.0,76.0
2025,8,Monaco Grand Prix,12.0,Yuki Tsunoda,Red Bull Racing,0 days 00:01:11.800000,0 days 00:01:11.415000,,12.0,17.0,Lapped,0.0,76.0
2025,8,Monaco Grand Prix,13.0,Nico Hulkenberg,Kick Sauber,0 days 00:01:11.871000,0 days 00:01:11.596000,,13.0,16.0,Lapped,0.0,76.0
2025,8,Monaco Grand Prix,14.0,George Russell,Mercedes,0 days 00:01:11.507000,,,14.0,11.0,Lapped,0.0,76.0
2025,8,Monaco Grand Prix,15.0,Kimi Antonelli,Mercedes,0 days 00:01:11.880000,,,15.0,18.0,Lapped,0.0,75.0
2025,8,Monaco Grand Prix,16.0,Gabriel Bortoleto,Kick Sauber,0 days 00:01:11.902000,,,16.0,14.0,Lapped,0.0,76.0
2025,8,Monaco Grand Prix,17.0,Oliver Bearman,Haas F1 Team,0 days 00:01:11.979000,,,20.0,12.0,Lapped,0.0,76.0
2025,8,Monaco Grand Prix,18.0,Pierre Gasly,Alpine,0 days 00:01:11.994000,,,17.0,20.0,Retired,0.0,7.0
2025,8,Monaco Grand Prix,19.0,Lance Stroll,Aston Martin,0 days 00:01:12.563000,,,19.0,15.0,Lapped,0.0,76.0
2025,8,Monaco Grand Prix,20.0,Franco Colapinto,Alpine,0 days 00:01:12.597000,,,18.0,13.0,Lapped,0.0,76.0
2025,9,Spanish Grand Prix,1.0,Oscar Piastri,McLaren,0 days 00:01:12.551000,0 days 00:01:11.998000,0 days 00:01:11.546000,1.0,1.0,Finished,25.0,66.0
2025,9,Spanish Grand Prix,2.0,Lando Norris,McLaren,0 days 00:01:12.799000,0 days 00:01:12.056000,0 days 00:01:11.755000,2.0,2.0,Finished,18.0,66.0
2025,9,Spanish Grand Prix,3.0,Max Verstappen,Red Bull Racing,0 days 00:01:12.798000,0 days 00:01:12.358000,0 days 00:01:11.848000,3.0,10.0,Finished,1.0,66.0
2025,9,Spanish Grand Prix,4.0,George Russell,Mercedes,0 days 00:01:12.806000,0 days 00:01:12.407000,0 days 00:01:11.848000,4.0,4.0,Finished,12.0,66.0
2025,9,Spanish Grand Prix,5.0,Lewis Hamilton,Ferrari,0 days 00:01:13.058000,0 days 00:01:12.447000,0 days 00:01:12.045000,5.0,6.0,Finished,8.0,66.0
2025,9,Spanish Grand Prix,6.0,Kimi Antonelli,Mercedes,0 days 00:01:12.815000,0 days 00:01:12.585000,0 days 00:01:12.111000,6.0,18.0,Retired,0.0,53.0
2025,9,Spanish Grand Prix,7.0,Charles Leclerc,Ferrari,0 days 00:01:13.014000,0 days 00:01:12.495000,0 days 00:01:12.131000,7.0,3.0,Finished,15.0,66.0
2025,9,Spanish Grand Prix,8.0,Pierre Gasly,Alpine,0 days 00:01:13.081000,0 days 00:01:12.611000,0 days 00:01:12.199000,8.0,8.0,Finished,4.0,66.0
2025,9,Spanish Grand Prix,9.0,Isack Hadjar,Racing Bulls,0 days 00:01:13.139000,0 days 00:01:12.461000,0 days 00:01:12.252000,9.0,7.0,Finished,6.0,66.0
2025,9,Spanish Grand Prix,10.0,Fernando Alonso,Aston Martin,0 days 00:01:13.102000,0 days 00:01:12.523000,0 days 00:01:12.284000,10.0,9.0,Finished,2.0,66.0
2025,9,Spanish Grand Prix,11.0,Alexander Albon,Williams,0 days 00:01:13.044000,0 days 00:01:12.641000,,11.0,19.0,Retired,0.0,27.0
2025,9,Spanish Grand Prix,12.0,Gabriel Bortoleto,Kick Sauber,0 days 00:01:13.045000,0 days 00:01:12.756000,,12.0,12.0,Finished,0.0,66.0
2025,9,Spanish Grand Prix,13.0,Liam Lawson,Racing Bulls,0 days 00:01:13.039000,0 days 00:01:12.763000,,13.0,11.0,Finished,0.0,66.0
2025,9,Spanish Grand Prix,14.0,Lance Stroll,Aston Martin,0 days 00:01:13.038000,0 days 00:01:13.058000,,,,,,
2025,9,Spanish Grand Prix,15.0,Oliver Bearman,Haas F1 Team,0 days 00:01:13.074000,0 days 00:01:13.315000,,14.0,17.0,Finished,0.0,66.0
2025,9,Spanish Grand Prix,16.0,Nico Hulkenberg,Kick Sauber,0 days 00:01:13.190000,,,15.0,5.0,Finished,10.0,66.0
2025,9,Spanish Grand Prix,17.0,Esteban Ocon,Haas F1 Team,0 days 00:01:13.201000,,,16.0,16.0,Finished,0.0,66.0
2025,9,Spanish Grand Prix,18.0,Carlos Sainz,Williams,0 days 00:01:13.203000,,,17.0,14.0,Finished,0.0,66.0
2025,9,Spanish Grand Prix,19.0,Franco Colapinto,Alpine,0 days 00:01:13.334000,,,18.0,15.0,Finished,0.0,66.0
2025,9,Spanish Grand Prix,20.0,Yuki Tsunoda,Red Bull Racing,0 days 00:01:13.385000,,,19.0,13.0,Finished,0.0,66.0
2025,10,Canadian Grand Prix,1.0,George Russell,Mercedes,0 days 00:01:12.075000,0 days 00:01:11.570000,0 days 00:01:10.899000,1.0,1.0,Finished,25.0,70.0
2025,10,Canadian Grand Prix,2.0,Max Verstappen,Red Bull Racing,0 days 00:01:12.054000,0 days 00:01:11.638000,0 days 00:01:11.059000,2.0,2.0,Finished,18.0,70.0
2025,10,Canadian Grand Prix,3.0,Oscar Piastri,McLaren,0 days 00:01:11.939000,0 days 00:01:11.715000,0 days 00:01:11.120000,3.0,4.0,Finished,12.0,70.0
2025,10,Canadian Grand Prix,4.0,Kimi Antonelli,Mercedes,0 days 00:01:12.279000,0 days 00:01:11.974000,0 days 00:01:11.391000,4.0,3.0,Finished,15.0,70.0
2025,10,Canadian Grand Prix,5.0,Lewis Hamilton,Ferrari,0 days 00:01:11.952000,0 days 00:01:11.885000,0 days 00:01:11.526000,5.0,6.0,Finished,8.0,70.0
2025,10,Canadian Grand Prix,6.0,Fernando Alonso,Aston Martin,0 days 00:01:12.073000,0 days 00:01:11.805000,0 days 00:01:11.586000,6.0,7.0,Finished,6.0,70.0
2025,10,Canadian Grand Prix,7.0,Lando Norris,McLaren,0 days 00:01:11.826000,0 days 00:01:11.599000,0 days 00:01:11.625000,7.0,18.0,Retired,0.0,66.0
2025,10,Canadian Grand Prix,8.0,Charles Leclerc,Ferrari,0 days 00:01:12.038000,0 days 00:01:11.626000,0 days 00:01:11.682000,8.0,5.0,Finished,10.0,70.0
2025,10,Canadian Grand Prix,9.0,Isack Hadjar,Racing Bulls,0 days 00:01:12.211000,0 days 00:01:12.003000,0 days 00:01:11.867000,12.0,16.0,Lapped,0.0,69.0
2025,10,Canadian Grand Prix,10.0,Alexander Albon,Williams,0 days 00:01:12.090000,0 days 00:01:11.892000,0 days 00:01:11.907000,9.0,20.0,Retired,0.0,46.0
2025,10,Canadian Grand Prix,11.0,Yuki Tsunoda,Red Bull Racing,0 days 00:01:12.334000,0 days 00:01:12.102000,,18.0,12.0,Lapped,0.0,69.0
2025,10,Canadian Grand Prix,12.0,Franco Colapinto,Alpine,0 days 00:01:12.234000,0 days 00:01:12.142000,,10.0,13.0,Lapped,0.0,69.0
2025,10,Canadian Grand Prix,13.0,Nico Hulkenberg,Kick Sauber,0 days 00:01:12.323000,0 days 00:01:12.183000,,11.0,8.0,Finished,4.0,70.0
2025,10,Canadian Grand Prix,14.0,Oliver Bearman,Haas F1 Team,0 days 00:01:12.306000,0 days 00:01:12.340000,,13.0,11.0,Lapped,0.0,69.0
2025,10,Canadian Grand Prix,15.0,Esteban Ocon,Haas F1 Team,0 days 00:01:12.378000,0 days 00:01:12.634000,,14.0,9.0,Lapped,2.0,69.0
2025,10,Canadian Grand Prix,16.0,Gabriel Bortoleto,Kick Sauber,0 days 00:01:12.385000,,,15.0,14.0,Lapped,0.0,69.0
2025,10,Canadian Grand Prix,17.0,Carlos Sainz,Williams,0 days 00:01:12.398000,,,16.0,10.0,Lapped,1.0,69.0
2025,10,Canadian Grand Prix,18.0,Lance Stroll,Aston Martin,0 days 00:01:12.517000,,,17.0,17.0,Lapped,0.0,69.0
2025,10,Canadian Grand Prix,19.0,Liam Lawson,Racing Bulls,0 days 00:01:12.525000,,,19.0,19.0,Retired,0.0,53.0
2025,10,Canadian Grand Prix,20.0,Pierre Gasly,Alpine,0 days 00:01:12.667000,,,20.0,15.0,Lapped,0.0,69.0
2025,11,Austrian Grand Prix,1.0,Lando Norris,McLaren,0 days 00:01:04.672000,0 days 00:01:04.410000,0 days 00:01:03.971000,1.0,1.0,Finished,25.0,70.0
2025,11,Austrian Grand Prix,2.0,Charles Leclerc,Ferrari,0 days 00:01:05.197000,0 days 00:01:04.734000,0 days 00:01:04.492000,2.0,3.0,Finished,15.0,70.0
2025,11,Austrian Grand Prix,3.0,Oscar Piastri,McLaren,0 days 00:01:04.966000,0 days 00:01:04.556000,0 days 00:01:04.554000,3.0,2.0,Finished,18.0,70.0
2025,11,Austrian Grand Prix,4.0,Lewis Hamilton,Ferrari,0 days 00:01:05.115000,0 days 00:01:04.896000,0 days 00:01:04.582000,4.0,4.0,Finished,12.0,70.0
2025,11,Austrian Grand Prix,5.0,George Russell,Mercedes,0 days 00:01:05.189000,0 days 00:01:04.860000,0 days 00:01:04.763000,5.0,5.0,Finished,10.0,70.0
2025,11,Austrian Grand Prix,6.0,Liam Lawson,Racing Bulls,0 days 00:01:05.017000,0 days 00:01:05.041000,0 days 00:01:04.926000,6.0,6.0,Finished,8.0,70.0
2025,11,Austrian Grand Prix,7.0,Max Verstappen,Red Bull Racing,0 days 00:01:05.106000,0 days 00:01:04.836000,0 days 00:01:04.929000,7.0,18.0,Retired,0.0,0.0
2025,11,Austrian Grand Prix,8.0,Gabriel Bortoleto,Kick Sauber,0 days 00:01:05.123000,0 days 00:01:04.846000,0 days 00:01:05.132000,8.0,8.0,Lapped,4.0,69.0
2025,11,Austrian Grand Prix,9.0,Kimi Antonelli,Mercedes,0 days 00:01:05.178000,0 days 00:01:05.052000,0 days 00:01:05.276000,9.0,19.0,Retired,0.0,0.0
2025,11,Austrian Grand Prix,10.0,Pierre Gasly,Alpine,0 days 00:01:05.054000,0 days 00:01:04.846000,0 days 00:01:05.649000,10.0,13.0,Lapped,0.0,69.0
2025,11,Austrian Grand Prix,11.0,Fernando Alonso,Aston Martin,0 days 00:01:05.197000,0 days 00:01:05.128000,,11.0,7.0,Lapped,6.0,69.0
2025,11,Austrian Grand Prix,12.0,Alexander Albon,Williams,0 days 00:01:05.143000,0 days 00:01:05.205000,,12.0,17.0,Retired,0.0,15.0
2025,11,Austrian Grand Prix,13.0,Isack Hadjar,Racing Bulls,0 days 00:01:05.063000,0 days 00:01:05.226000,,13.0,12.0,Lapped,0.0,69.0
2025,11,Austrian Grand Prix,14.0,Franco Colapinto,Alpine,0 days 00:01:05.278000,0 days 00:01:05.288000,,14.0,15.0,Lapped,0.0,69.0
2025,11,Austrian Grand Prix,15.0,Oliver Bearman,Haas F1 Team,0 days 00:01:05.218000,0 days 00:01:05.312000,,15.0,11.0,Lapped,0.0,69.0
2025,11,Austrian Grand Prix,16.0,Lance Stroll,Aston Martin,0 days 00:01:05.329000,,,16.0,14.0,Lapped,0.0,69.0
2025,11,Austrian Grand Prix,17.0,Esteban Ocon,Haas F1 Team,0 days 00:01:05.364000,,,17.0,10.0,Lapped,1.0,69.0
2025,11,Austrian Grand Prix,18.0,Yuki Tsunoda,Red Bull Racing,0 days 00:01:05.369000,,,18.0,16.0,Lapped,0.0,68.0
2025,11,Austrian Grand Prix,19.0,Carlos Sainz,Williams,0 days 00:01:05.582000,,,19.0,20.0,Did not start,0.0,0.0
2025,11,Austrian Grand Prix,20.0,Nico Hulkenberg,Kick Sauber,0 days 00:01:05.606000,,,20.0,9.0,Lapped,2.0,69.0
2025,12,British Grand Prix,1.0,Max Verstappen,Red Bull Racing,0 days 00:01:25.886000,0 days 00:01:25.316000,0 days 00:01:24.892000,1.0,5.0,Finished,10.0,52.0
2025,12,British Grand Prix,2.0,Oscar Piastri,McLaren,0 days 00:01:25.963000,0 days 00:01:25.316000,0 days 00:01:24.995000,2.0,2.0,Finished,18.0,52.0
2025,12,British Grand Prix,3.0,Lando Norris,McLaren,0 days 00:01:26.123000,0 days 00:01:25.231000,0 days 00:01:25.010000,3.0,1.0,Finished,25.0,52.0
2025,12,British Grand Prix,4.0,George Russell,Mercedes,0 days 00:01:26.236000,0 days 00:01:25.637000,0 days 00:01:25.029000,4.0,10.0,Finished,1.0,52.0
2025,12,British Grand Prix,5.0,Lewis Hamilton,Ferrari,0 days 00:01:26.296000,0 days 00:01:25.084000,0 days 00:01:25.095000,5.0,4.0,Finished,12.0,52.0
2025,12,British Grand Prix,6.0,Charles Leclerc,Ferrari,0 days 00:01:26.186000,0 days 00:01:25.133000,0 days 00:01:25.121000,6.0,14.0,Finished,0.0,52.0
2025,12,British Grand Prix,7.0,Kimi Antonelli,Mercedes,0 days 00:01:26.265000,0 days 00:01:25.620000,0 days 00:01:25.374000,10.0,16.0,Retired,0.0,23.0
2025,12,British Grand Prix,8.0,Oliver Bearman,Haas F1 Team,0 days 00:01:26.005000,0 days 00:01:25.534000,0 days 00:01:25.471000,18.0,11.0,Finished,0.0,52.0
2025,12,British Grand Prix,9.0,Fernando Alonso,Aston Martin,0 days 00:01:26.108000,0 days 00:01:25.593000,0 days 00:01:25.621000,7.0,9.0,Finished,2.0,52.0
2025,12,British Grand Prix,10.0,Pierre Gasly,Alpine,0 days 00:01:26.328000,0 days 00:01:25.711000,0 days 00:01:25.785000,8.0,6.0,Finished,8.0,52.0
2025,12,British Grand Prix,11.0,Carlos Sainz,Williams,0 days 00:01:26.175000,0 days 00:01:25.746000,,9.0,12.0,Finished,0.0,52.0
2025,12,British Grand Prix,12.0,Yuki Tsunoda,Red Bull Racing,0 days 00:01:26.275000,0 days 00:01:25.826000,,11.0,15.0,Lapped,0.0,51.0
2025,12,British Grand Prix,13.0,Isack Hadjar,Racing Bulls,0 days 00:01:26.177000,0 days 00:01:25.864000,,12.0,17.0,Retired,0.0,17.0
2025,12,British Grand Prix,14.0,Alexander Albon,Williams,0 days 00:01:26.093000,0 days 00:01:25.889000,,13.0,8.0,Finished,4.0,52.0
2025,12,British Grand Prix,15.0,Esteban Ocon,Haas F1 Team,0 days 00:01:26.136000,0 days 00:01:25.950000,,14.0,13.0,Finished,0.0,52.0
2025,12,British Grand Prix,16.0,Liam Lawson,Racing Bulls,0 days 00:01:26.440000,,,15.0,19.0,Retired,0.0,0.0
2025,12,British Grand Prix,17.0,Gabriel Bortoleto,Kick Sauber,0 days 00:01:26.446000,,,16.0,18.0,Retired,0.0,3.0
2025,12,British Grand Prix,18.0,Lance Stroll,Aston Martin,0 days 00:01:26.504000,,,17.0,7.0,Finished,6.0,52.0
2025,12,British Grand Prix,19.0,Nico Hulkenberg,Kick Sauber,0 days 00:01:26.574000,,,19.0,3.0,Finished,15.0,52.0
2025,12,British Grand Prix,20.0,Franco Colapinto,Alpine,0 days 00:01:27.060000,,,20.0,20.0,Did not start,0.0,0.0
2025,13,Belgian Grand Prix,1.0,Lando Norris,McLaren,0 days 00:01:41.010000,0 days 00:01:40.715000,0 days 00:01:40.562000,1.0,2.0,Finished,18.0,44.0
2025,13,Belgian Grand Prix,2.0,Oscar Piastri,McLaren,0 days 00:01:41.201000,0 days 00:01:40.626000,0 days 00:01:40.647000,2.0,1.0,Finished,25.0,44.0
2025,13,Belgian Grand Prix,3.0,Charles Leclerc,Ferrari,0 days 00:01:41.635000,0 days 00:01:41.084000,0 days 00:01:40.900000,3.0,3.0,Finished,15.0,44.0
2025,13,Belgian Grand Prix,4.0,Max Verstappen,Red Bull Racing,0 days 00:01:41.334000,0 days 00:01:40.951000,0 days 00:01:40.903000,4.0,4.0,Finished,12.0,44.0
2025,13,Belgian Grand Prix,5.0,Alexander Albon,Williams,0 days 00:01:41.772000,0 days 00:01:41.505000,0 days 00:01:41.201000,5.0,6.0,Finished,8.0,44.0
2025,13,Belgian Grand Prix,6.0,George Russell,Mercedes,0 days 00:01:41.784000,0 days 00:01:41.254000,0 days 00:01:41.260000,6.0,5.0,Finished,10.0,44.0
2025,13,Belgian Grand Prix,7.0,Yuki Tsunoda,Red Bull Racing,0 days 00:01:41.840000,0 days 00:01:41.245000,0 days 00:01:41.284000,7.0,13.0,Finished,0.0,44.0
2025,13,Belgian Grand Prix,8.0,Isack Hadjar,Racing Bulls,0 days 00:01:41.572000,0 days 00:01:41.281000,0 days 00:01:41.310000,8.0,20.0,Lapped,0.0,43.0
2025,13,Belgian Grand Prix,9.0,Liam Lawson,Racing Bulls,0 days 00:01:41.748000,0 days 00:01:41.297000,0 days 00:01:41.328000,9.0,8.0,Finished,4.0,44.0
2025,13,Belgian Grand Prix,10.0,Gabriel Bortoleto,Kick Sauber,0 days 00:01:41.908000,0 days 00:01:41.336000,0 days 00:01:42.387000,10.0,9.0,Finished,2.0,44.0
2025,13,Belgian Grand Prix,11.0,Esteban Ocon,Haas F1 Team,0 days 00:01:41.884000,0 days 00:01:41.525000,,11.0,15.0,Finished,0.0,44.0
2025,13,Belgian Grand Prix,12.0,Oliver Bearman,Haas F1 Team,0 days 00:01:41.617000,0 days 00:01:41.617000,,12.0,11.0,Finished,0.0,44.0
2025,13,Belgian Grand Prix,13.0,Pierre Gasly,Alpine,0 days 00:01:41.800000,0 days 00:01:41.633000,,13.0,10.0,Finished,1.0,44.0
2025,13,Belgian Grand Prix,14.0,Nico Hulkenberg,Kick Sauber,0 days 00:01:41.844000,0 days 00:01:41.707000,,14.0,12.0,Finished,0.0,44.0
2025,13,Belgian Grand Prix,15.0,Carlos Sainz,Williams,0 days 00:01:41.691000,0 days 00:01:41.758000,,17.0,18.0,Finished,0.0,44.0
2025,13,Belgian Grand Prix,16.0,Lewis Hamilton,Ferrari,0 days 00:01:41.939000,,,18.0,7.0,Finished,6.0,44.0
2025,13,Belgian Grand Prix,17.0,Franco Colapinto,Alpine,0 days 00:01:42.022000,,,15.0,19.0,Finished,0.0,44.0
2025,13,Belgian Grand Prix,18.0,Kimi Antonelli,Mercedes,0 days 00:01:42.139000,,,19.0,16.0,Finished,0.0,44.0
2025,13,Belgian Grand Prix,19.0,Fernando Alonso,Aston Martin,0 days 00:01:42.385000,,,20.0,17.0,Finished,0.0,44.0
2025,13,Belgian Grand Prix,20.0,Lance Stroll,Aston Martin,0 days 00:01:42.502000,,,16.0,14.0,Finished,0.0,44.0
2025,14,Hungarian Grand Prix,1.0,Charles Leclerc,Ferrari,0 days 00:01:15.582000,0 days 00:01:15.455000,0 days 00:01:15.372000,1.0,4.0,Finished,12.0,70.0
2025,14,Hungarian Grand Prix,2.0,Oscar Piastri,McLaren,0 days 00:01:15.211000,0 days 00:01:14.941000,0 days 00:01:15.398000,2.0,2.0,Finished,18.0,70.0
2025,14,Hungarian Grand Prix,3.0,Lando Norris,McLaren,0 days 00:01:15.523000,0 days 00:01:14.890000,0 days 00:01:15.413000,3.0,1.0,Finished,25.0,70.0
2025,14,Hungarian Grand Prix,4.0,George Russell,Mercedes,0 days 00:01:15.627000,0 days 00:01:15.201000,0 days 00:01:15.425000,4.0,3.0,Finished,15.0,70.0
2025,14,Hungarian Grand Prix,5.0,Fernando Alonso,Aston Martin,0 days 00:01:15.281000,0 days 00:01:15.395000,0 days 00:01:15.481000,5.0,5.0,Finished,10.0,70.0
2025,14,Hungarian Grand Prix,6.0,Lance Stroll,Aston Martin,0 days 00:01:15.673000,0 days 00:01:15.129000,0 days 00:01:15.498000,6.0,7.0,Finished,6.0,70.0
2025,14,Hungarian Grand Prix,7.0,Gabriel Bortoleto,Kick Sauber,0 days 00:01:15.586000,0 days 00:01:15.687000,0 days 00:01:15.725000,7.0,6.0,Finished,8.0,70.0
2025,14,Hungarian Grand Prix,8.0,Max Verstappen,Red Bull Racing,0 days 00:01:15.736000,0 days 00:01:15.547000,0 days 00:01:15.728000,8.0,9.0,Finished,2.0,70.0
2025,14,Hungarian Grand Prix,9.0,Liam Lawson,Racing Bulls,0 days 00:01:15.849000,0 days 00:01:15.630000,0 days 00:01:15.821000,9.0,8.0,Finished,4.0,70.0
2025,14,Hungarian Grand Prix,10.0,Isack Hadjar,Racing Bulls,0 days 00:01:15.516000,0 days 00:01:15.469000,0 days 00:01:15.915000,10.0,11.0,Lapped,0.0,69.0
2025,14,Hungarian Grand Prix,11.0,Oliver Bearman,Haas F1 Team,0 days 00:01:15.750000,0 days 00:01:15.694000,,11.0,20.0,Retired,0.0,48.0
2025,14,Hungarian Grand Prix,12.0,Lewis Hamilton,Ferrari,0 days 00:01:15.733000,0 days 00:01:15.702000,,12.0,12.0,Lapped,0.0,69.0
2025,14,Hungarian Grand Prix,13.0,Carlos Sainz,Williams,0 days 00:01:15.652000,0 days 00:01:15.781000,,13.0,14.0,Lapped,0.0,69.0
2025,14,Hungarian Grand Prix,14.0,Franco Colapinto,Alpine,0 days 00:01:15.875000,0 days 00:01:16.159000,,14.0,18.0,Lapped,0.0,69.0
2025,14,Hungarian Grand Prix,15.0,Kimi Antonelli,Mercedes,0 days 00:01:15.782000,0 days 00:01:16.386000,,15.0,10.0,Lapped,1.0,69.0
2025,14,Hungarian Grand Prix,16.0,Yuki Tsunoda,Red Bull Racing,0 days 00:01:15.899000,,,20.0,17.0,Lapped,0.0,69.0
2025,14,Hungarian Grand Prix,17.0,Pierre Gasly,Alpine,0 days 00:01:15.966000,,,16.0,19.0,Lapped,0.0,69.0
2025,14,Hungarian Grand Prix,18.0,Esteban Ocon,Haas F1 Team,0 days 00:01:16.023000,,,17.0,16.0,Lapped,0.0,69.0
2025,14,Hungarian Grand Prix,19.0,Nico Hulkenberg,Kick Sauber,0 days 00:01:16.081000,,,18.0,13.0,Lapped,0.0,69.0
2025,14,Hungarian Grand Prix,20.0,Alexander Albon,Williams,0 days 00:01:16.223000,,,19.0,15.0,Lapped,0.0,69.0
2025,15,Dutch Grand Prix,1.0,Oscar Piastri,McLaren,0 days 00:01:09.338000,0 days 00:01:08.964000,0 days 00:01:08.662000,1.0,1.0,Finished,25.0,72.0
2025,15,Dutch Grand Prix,2.0,Lando Norris,McLaren,0 days 00:01:09.469000,0 days 00:01:08.874000,0 days 00:01:08.674000,2.0,18.0,Retired,0.0,64.0
2025,15,Dutch Grand Prix,3.0,Max Verstappen,Red Bull Racing,0 days 00:01:09.696000,0 days 00:01:09.122000,0 days 00:01:08.925000,3.0,2.0,Finished,18.0,72.0
2025,15,Dutch Grand Prix,4.0,Isack Hadjar,Racing Bulls,0 days 00:01:09.966000,0 days 00:01:09.439000,0 days 00:01:09.208000,4.0,3.0,Finished,15.0,72.0
2025,15,Dutch Grand Prix,5.0,George Russell,Mercedes,0 days 00:01:09.676000,0 days 00:01:09.313000,0 days 00:01:09.255000,5.0,4.0,Finished,12.0,72.0
2025,15,Dutch Grand Prix,6.0,Charles Leclerc,Ferrari,0 days 00:01:09.906000,0 days 00:01:09.304000,0 days 00:01:09.340000,6.0,19.0,Retired,0.0,52.0
2025,15,Dutch Grand Prix,7.0,Lewis Hamilton,Ferrari,0 days 00:01:09.900000,0 days 00:01:09.261000,0 days 00:01:09.390000,7.0,20.0,Retired,0.0,22.0
2025,15,Dutch Grand Prix,8.0,Liam Lawson,Racing Bulls,0 days 00:01:09.779000,0 days 00:01:09.383000,0 days 00:01:09.500000,8.0,12.0,Finished,0.0,72.0
2025,15,Dutch Grand Prix,9.0,Carlos Sainz,Williams,0 days 00:01:09.980000,0 days 00:01:09.472000,0 days 00:01:09.505000,9.0,13.0,Finished,0.0,72.0
2025,15,Dutch Grand Prix,10.0,Fernando Alonso,Aston Martin,0 days 00:01:09.950000,0 days 00:01:09.366000,0 days 00:01:09.630000,10.0,8.0,Finished,4.0,72.0
2025,15,Dutch Grand Prix,11.0,Kimi Antonelli,Mercedes,0 days 00:01:09.845000,0 days 00:01:09.493000,,11.0,16.0,Finished,0.0,72.0
2025,15,Dutch Grand Prix,12.0,Yuki Tsunoda,Red Bull Racing,0 days 00:01:09.954000,0 days 00:01:09.622000,,12.0,9.0,Finished,2.0,72.0
2025,15,Dutch Grand Prix,13.0,Gabriel Bortoleto,Kick Sauber,0 days 00:01:10.037000,0 days 00:01:09.622000,,13.0,15.0,Finished,0.0,72.0
2025,15,Dutch Grand Prix,14.0,Pierre Gasly,Alpine,0 days 00:01:09.894000,0 days 00:01:09.637000,,14.0,17.0,Finished,0.0,72.0
2025,15,Dutch Grand Prix,15.0,Alexander Albon,Williams,0 days 00:01:09.792000,0 days 00:01:09.652000,,15.0,5.0,Finished,10.0,72.0
2025,15,Dutch Grand Prix,16.0,Franco Colapinto,Alpine,0 days 00:01:10.104000,,,16.0,11.0,Finished,0.0,72.0
2025,15,Dutch Grand Prix,17.0,Nico Hulkenberg,Kick Sauber,0 days 00:01:10.195000,,,17.0,14.0,Finished,0.0,72.0
2025,15,Dutch Grand Prix,18.0,Esteban Ocon,Haas F1 Team,0 days 00:01:10.197000,,,18.0,10.0,Finished,1.0,72.0
2025,15,Dutch Grand Prix,19.0,Oliver Bearman,Haas F1 Team,0 days 00:01:10.262000,,,20.0,6.0,Finished,8.0,72.0
2025,15,Dutch Grand Prix,20.0,Lance Stroll,Aston Martin,,,,19.0,7.0,Finished,6.0,72.0
2025,16,Italian Grand Prix,1.0,Max Verstappen,Red Bull Racing,0 days 00:01:19.455000,0 days 00:01:19.140000,0 days 00:01:18.792000,1.0,1.0,Finished,25.0,53.0
2025,16,Italian Grand Prix,2.0,Lando Norris,McLaren,0 days 00:01:19.517000,0 days 00:01:19.293000,0 days 00:01:18.869000,2.0,2.0,Finished,18.0,53.0
2025,16,Italian Grand Prix,3.0,Oscar Piastri,McLaren,0 days 00:01:19.711000,0 days 00:01:19.286000,0 days 00:01:18.982000,3.0,3.0,Finished,15.0,53.0
2025,16,Italian Grand Prix,4.0,Charles Leclerc,Ferrari,0 days 00:01:19.689000,0 days 00:01:19.310000,0 days 00:01:19.007000,4.0,4.0,Finished,12.0,53.0
2025,16,Italian Grand Prix,5.0,Lewis Hamilton,Ferrari,0 days 00:01:19.765000,0 days 00:01:19.371000,0 days 00:01:19.124000,10.0,6.0,Finished,8.0,53.0
2025,16,Italian Grand Prix,6.0,George Russell,Mercedes,0 days 00:01:19.414000,0 days 00:01:19.287000,0 days 00:01:19.157000,5.0,5.0,Finished,10.0,53.0
2025,16,Italian Grand Prix,7.0,Kimi Antonelli,Mercedes,0 days 00:01:19.747000,0 days 00:01:19.245000,0 days 00:01:19.200000,6.0,9.0,Finished,2.0,53.0
2025,16,Italian Grand Prix,8.0,Gabriel Bortoleto,Kick Sauber,0 days 00:01:19.688000,0 days 00:01:19.323000,0 days 00:01:19.390000,7.0,8.0,Finished,4.0,53.0
2025,16,Italian Grand Prix,9.0,Fernando Alonso,Aston Martin,0 days 00:01:19.658000,0 days 00:01:19.362000,0 days 00:01:19.424000,8.0,19.0,Retired,0.0,24.0
2025,16,Italian Grand Prix,10.0,Yuki Tsunoda,Red Bull Racing,0 days 00:01:19.619000,0 days 00:01:19.433000,0 days 00:01:19.519000,9.0,13.0,Finished,0.0,53.0
2025,16,Italian Grand Prix,11.0,Oliver Bearman,Haas F1 Team,0 days 00:01:19.688000,0 days 00:01:19.446000,,11.0,12.0,Finished,0.0,53.0
2025,16,Italian Grand Prix,12.0,Nico Hulkenberg,Kick Sauber,0 days 00:01:19.777000,0 days 00:01:19.498000,,12.0,20.0,Did not start,0.0,0.0
2025,16,Italian Grand Prix,13.0,Carlos Sainz,Williams,0 days 00:01:19.644000,0 days 00:01:19.528000,,13.0,11.0,Finished,0.0,53.0
2025,16,Italian Grand Prix,14.0,Alexander Albon,Williams,0 days 00:01:19.837000,0 days 00:01:19.583000,,14.0,7.0,Finished,6.0,53.0
2025,16,Italian Grand Prix,15.0,Esteban Ocon,Haas F1 Team,0 days 00:01:19.816000,0 days 00:01:19.707000,,15.0,15.0,Lapped,0.0,52.0
2025,16,Italian Grand Prix,16.0,Isack Hadjar,Racing Bulls,0 days 00:01:19.917000,,,19.0,10.0,Finished,1.0,53.0
2025,16,Italian Grand Prix,17.0,Lance Stroll,Aston Martin,0 days 00:01:19.948000,,,16.0,18.0,Lapped,0.0,52.0
2025,16,Italian Grand Prix,18.0,Franco Colapinto,Alpine,0 days 00:01:19.992000,,,17.0,17.0,Lapped,0.0,52.0
2025,16,Italian Grand Prix,19.0,Pierre Gasly,Alpine,0 days 00:01:20.103000,,,20.0,16.0,Lapped,0.0,52.0
2025,16,Italian Grand Prix,20.0,Liam Lawson,Racing Bulls,0 days 00:01:20.279000,,,18.0,14.0,Finished,0.0,53.0
2025,17,Azerbaijan Grand Prix,1.0,Max Verstappen,Red Bull Racing,0 days 00:01:41.331000,0 days 00:01:41.255000,0 days 00:01:41.117000,1.0,1.0,Finished,25.0,51.0
2025,17,Azerbaijan Grand Prix,2.0,Carlos Sainz,Williams,0 days 00:01:42.635000,0 days 00:01:41.675000,0 days 00:01:41.595000,2.0,3.0,Finished,15.0,51.0
2025,17,Azerbaijan Grand Prix,3.0,Liam Lawson,Racing Bulls,0 days 00:01:42.257000,0 days 00:01:41.537000,0 days 00:01:41.707000,3.0,5.0,Finished,10.0,51.0
2025,17,Azerbaijan Grand Prix,4.0,Kimi Antonelli,Mercedes,0 days 00:01:42.247000,0 days 00:01:41.464000,0 days 00:01:41.717000,4.0,4.0,Finished,12.0,51.0
2025,17,Azerbaijan Grand Prix,5.0,George Russell,Mercedes,0 days 00:01:41.646000,0 days 00:01:41.455000,0 days 00:01:42.070000,5.0,2.0,Finished,18.0,51.0
2025,17,Azerbaijan Grand Prix,6.0,Yuki Tsunoda,Red Bull Racing,0 days 00:01:42.347000,0 days 00:01:41.788000,0 days 00:01:42.143000,6.0,6.0,Finished,8.0,51.0
2025,17,Azerbaijan Grand Prix,7.0,Lando Norris,McLaren,0 days 00:01:41.322000,0 days 00:01:41.396000,0 days 00:01:42.239000,7.0,7.0,Finished,6.0,51.0
2025,17,Azerbaijan Grand Prix,8.0,Isack Hadjar,Racing Bulls,0 days 00:01:41.656000,0 days 00:01:41.647000,0 days 00:01:42.372000,8.0,10.0,Finished,1.0,51.0
2025,17,Azerbaijan Grand Prix,9.0,Oscar Piastri,McLaren,0 days 00:01:41.839000,0 days 00:01:41.414000,,9.0,20.0,Retired,0.0,0.0
2025,17,Azerbaijan Grand Prix,10.0,Charles Leclerc,Ferrari,0 days 00:01:41.458000,0 days 00:01:41.519000,,10.0,9.0,Finished,2.0,51.0
2025,17,Azerbaijan Grand Prix,11.0,Fernando Alonso,Aston Martin,0 days 00:01:42.211000,0 days 00:01:41.857000,,11.0,15.0,Finished,0.0,51.0
2025,17,Azerbaijan Grand Prix,12.0,Lewis Hamilton,Ferrari,0 days 00:01:41.821000,0 days 00:01:42.183000,,12.0,8.0,Finished,4.0,51.0
2025,17,Azerbaijan Grand Prix,13.0,Gabriel Bortoleto,Kick Sauber,0 days 00:01:42.511000,0 days 00:01:42.277000,,13.0,11.0,Finished,0.0,51.0
2025,17,Azerbaijan Grand Prix,14.0,Lance Stroll,Aston Martin,0 days 00:01:42.101000,0 days 00:01:43.061000,,14.0,17.0,Finished,0.0,51.0
2025,17,Azerbaijan Grand Prix,15.0,Oliver Bearman,Haas F1 Team,0 days 00:01:42.666000,,,15.0,12.0,Finished,0.0,51.0
2025,17,Azerbaijan Grand Prix,16.0,Franco Colapinto,Alpine,0 days 00:01:42.779000,,,16.0,19.0,Lapped,0.0,50.0
2025,17,Azerbaijan Grand Prix,17.0,Nico Hulkenberg,Kick Sauber,0 days 00:01:42.916000,,,17.0,16.0,Finished,0.0,51.0
2025,17,Azerbaijan Grand Prix,18.0,Pierre Gasly,Alpine,0 days 00:01:43.139000,,,18.0,18.0,Lapped,0.0,50.0
2025,17,Azerbaijan Grand Prix,19.0,Alexander Albon,Williams,0 days 00:01:43.778000,,,19.0,13.0,Finished,0.0,51.0
2025,17,Azerbaijan Grand Prix,20.0,Esteban Ocon,Haas F1 Team,,,,20.0,14.0,Finished,0.0,51.0
2025,18,Singapore Grand Prix,1.0,George Russell,Mercedes,0 days 00:01:29.928000,0 days 00:01:29.562000,0 days 00:01:29.158000,1.0,1.0,Finished,25.0,62.0
2025,18,Singapore Grand Prix,2.0,Max Verstappen,Red Bull Racing,0 days 00:01:30.028000,0 days 00:01:29.572000,0 days 00:01:29.340000,2.0,2.0,Finished,18.0,62.0
2025,18,Singapore Grand Prix,3.0,Oscar Piastri,McLaren,0 days 00:01:30.313000,0 days 00:01:29.813000,0 days 00:01:29.524000,3.0,4.0,Finished,12.0,62.0
2025,18,Singapore Grand Prix,4.0,Kimi Antonelli,Mercedes,0 days 00:01:30.036000,0 days 00:01:29.649000,0 days 00:01:29.537000,4.0,5.0,Finished,10.0,62.0
2025,18,Singapore Grand Prix,5.0,Lando Norris,McLaren,0 days 00:01:29.932000,0 days 00:01:29.809000,0 days 00:01:29.586000,5.0,3.0,Finished,15.0,62.0
2025,18,Singapore Grand Prix,6.0,Lewis Hamilton,Ferrari,0 days 00:01:29.765000,0 days 00:01:29.936000,0 days 00:01:29.688000,6.0,8.0,Finished,4.0,62.0
2025,18,Singapore Grand Prix,7.0,Charles Leclerc,Ferrari,0 days 00:01:30.370000,0 days 00:01:29.914000,0 days 00:01:29.784000,7.0,6.0,Finished,8.0,62.0
2025,18,Singapore Grand Prix,8.0,Isack Hadjar,Racing Bulls,0 days 00:01:30.214000,0 days 00:01:30.016000,0 days 00:01:29.846000,8.0,11.0,Lapped,0.0,61.0
2025,18,Singapore Grand Prix,9.0,Oliver Bearman,Haas F1 Team,0 days 00:01:30.420000,0 days 00:01:30.076000,0 days 00:01:29.868000,9.0,9.0,Finished,2.0,62.0
2025,18,Singapore Grand Prix,10.0,Fernando Alonso,Aston Martin,0 days 00:01:30.745000,0 days 00:01:30.054000,0 days 00:01:29.955000,10.0,7.0,Finished,6.0,62.0
2025,18,Singapore Grand Prix,11.0,Nico Hulkenberg,Kick Sauber,0 days 00:01:30.715000,0 days 00:01:30.141000,,11.0,20.0,Lapped,0.0,61.0
2025,18,Singapore Grand Prix,12.0,Liam Lawson,Racing Bulls,0 days 00:01:30.681000,0 days 00:01:30.320000,,12.0,15.0,Lapped,0.0,61.0
2025,18,Singapore Grand Prix,13.0,Yuki Tsunoda,Red Bull Racing,0 days 00:01:30.574000,0 days 00:01:30.353000,,13.0,12.0,Lapped,0.0,61.0
2025,18,Singapore Grand Prix,14.0,Gabriel Bortoleto,Kick Sauber,0 days 00:01:30.820000,,,14.0,17.0,Lapped,0.0,61.0
2025,18,Singapore Grand Prix,15.0,Lance Stroll,Aston Martin,0 days 00:01:30.949000,,,15.0,13.0,Lapped,0.0,61.0
2025,18,Singapore Grand Prix,16.0,Franco Colapinto,Alpine,0 days 00:01:30.982000,,,16.0,16.0,Lapped,0.0,61.0
2025,18,Singapore Grand Prix,17.0,Esteban Ocon,Haas F1 Team,0 days 00:01:30.989000,,,17.0,18.0,Lapped,0.0,61.0
2025,18,Singapore Grand Prix,18.0,Pierre Gasly,Alpine,0 days 00:01:31.261000,,,19.0,19.0,Lapped,0.0,61.0
2025,18,Singapore Grand Prix,19.0,Alexander Albon,Williams,,,,20.0,14.0,Lapped,0.0,61.0
2025,18,Singapore Grand Prix,20.0,Carlos Sainz,Williams,,,,18.0,10.0,Lapped,1.0,61.0
2025,19,United States Grand Prix,1.0,Max Verstappen,Red Bull Racing,0 days 00:01:33.207000,0 days 00:01:32.701000,0 days 00:01:32.510000,1.0,1.0,Finished,25.0,56.0
2025,19,United States Grand Prix,2.0,Lando Norris,McLaren,0 days 00:01:33.843000,0 days 00:01:32.876000,0 days 00:01:32.801000,2.0,2.0,Finished,18.0,56.0
2025,19,United States Grand Prix,3.0,Charles Leclerc,Ferrari,0 days 00:01:33.525000,0 days 00:01:32.869000,0 days 00:01:32.807000,3.0,3.0,Finished,15.0,56.0
2025,19,United States Grand Prix,4.0,George Russell,Mercedes,0 days 00:01:33.311000,0 days 00:01:33.058000,0 days 00:01:32.826000,4.0,6.0,Finished,8.0,56.0
2025,19,United States Grand Prix,5.0,Lewis Hamilton,Ferrari,0 days 00:01:33.685000,0 days 00:01:32.914000,0 days 00:01:32.912000,5.0,4.0,Finished,12.0,56.0
2025,19,United States Grand Prix,6.0,Oscar Piastri,McLaren,0 days 00:01:33.746000,0 days 00:01:33.228000,0 days 00:01:33.084000,6.0,5.0,Finished,10.0,56.0
2025,19,United States Grand Prix,7.0,Kimi Antonelli,Mercedes,0 days 00:01:33.501000,0 days 00:01:33.044000,0 days 00:01:33.114000,7.0,13.0,Finished,0.0,56.0
2025,19,United States Grand Prix,8.0,Oliver Bearman,Haas F1 Team,0 days 00:01:33.921000,0 days 00:01:33.238000,0 days 00:01:33.139000,8.0,9.0,Finished,2.0,56.0
2025,19,United States Grand Prix,9.0,Carlos Sainz,Williams,0 days 00:01:33.739000,0 days 00:01:33.124000,0 days 00:01:33.150000,9.0,20.0,Retired,0.0,5.0
2025,19,United States Grand Prix,10.0,Fernando Alonso,Aston Martin,0 days 00:01:33.741000,0 days 00:01:33.237000,0 days 00:01:33.160000,10.0,10.0,Finished,1.0,56.0
2025,19,United States Grand Prix,11.0,Nico Hulkenberg,Kick Sauber,0 days 00:01:33.551000,0 days 00:01:33.334000,,11.0,8.0,Finished,4.0,56.0
2025,19,United States Grand Prix,12.0,Liam Lawson,Racing Bulls,0 days 00:01:33.549000,0 days 00:01:33.360000,,12.0,11.0,Finished,0.0,56.0
2025,19,United States Grand Prix,13.0,Yuki Tsunoda,Red Bull Racing,0 days 00:01:33.935000,0 days 00:01:33.466000,,13.0,7.0,Finished,6.0,56.0
2025,19,United States Grand Prix,14.0,Pierre Gasly,Alpine,0 days 00:01:33.599000,0 days 00:01:33.651000,,14.0,19.0,Lapped,0.0,55.0
2025,19,United States Grand Prix,15.0,Franco Colapinto,Alpine,0 days 00:01:34.039000,0 days 00:01:34.044000,,15.0,17.0,Lapped,0.0,55.0
2025,19,United States Grand Prix,16.0,Gabriel Bortoleto,Kick Sauber,0 days 00:01:34.125000,,,16.0,18.0,Lapped,0.0,55.0
2025,19,United States Grand Prix,17.0,Esteban Ocon,Haas F1 Team,0 days 00:01:34.136000,,,17.0,15.0,Finished,0.0,56.0
2025,19,United States Grand Prix,18.0,Lance Stroll,Aston Martin,0 days 00:01:34.540000,,,19.0,12.0,Finished,0.0,56.0
2025,19,United States Grand Prix,19.0,Alexander Albon,Williams,0 days 00:01:34.690000,,,18.0,14.0,Finished,0.0,56.0
2025,19,United States Grand Prix,20.0,Isack Hadjar,Racing Bulls,,,,20.0,16.0,Finished,0.0,56.0
2025,20,Mexico City Grand Prix,1.0,Lando Norris,McLaren,0 days 00:01:16.899000,0 days 00:01:16.252000,0 days 00:01:15.586000,1.0,1.0,Finished,25.0,71.0
2025,20,Mexico City Grand Prix,2.0,Charles Leclerc,Ferrari,0 days 00:01:17.024000,0 days 00:01:16.658000,0 days 00:01:15.848000,2.0,2.0,Finished,18.0,71.0
2025,20,Mexico City Grand Prix,3.0,Lewis Hamilton,Ferrari,0 days 00:01:16.736000,0 days 00:01:16.458000,0 days 00:01:15.938000,3.0,8.0,Finished,4.0,71.0
2025,20,Mexico City Grand Prix,4.0,George Russell,Mercedes,0 days 00:01:16.895000,0 days 00:01:16.537000,0 days 00:01:16.034000,4.0,7.0,Finished,6.0,71.0
2025,20,Mexico City Grand Prix,5.0,Max Verstappen,Red Bull Racing,0 days 00:01:17.076000,0 days 00:01:16.605000,0 days 00:01:16.070000,5.0,3.0,Finished,15.0,71.0
2025,20,Mexico City Grand Prix,6.0,Kimi Antonelli,Mercedes,0 days 00:01:17.291000,0 days 00:01:16.773000,0 days 00:01:16.118000,6.0,6.0,Finished,8.0,71.0
2025,20,Mexico City Grand Prix,7.0,Carlos Sainz,Williams,0 days 00:01:17.171000,0 days 00:01:16.607000,0 days 00:01:16.172000,12.0,17.0,Retired,0.0,67.0
2025,20,Mexico City Grand Prix,8.0,Oscar Piastri,McLaren,0 days 00:01:17.158000,0 days 00:01:16.737000,0 days 00:01:16.174000,7.0,5.0,Finished,10.0,71.0
2025,20,Mexico City Grand Prix,9.0,Isack Hadjar,Racing Bulls,0 days 00:01:16.733000,0 days 00:01:16.804000,0 days 00:01:16.252000,8.0,13.0,Lapped,0.0,70.0
2025,20,Mexico City Grand Prix,10.0,Oliver Bearman,Haas F1 Team,0 days 00:01:17.040000,0 days 00:01:16.787000,0 days 00:01:16.460000,9.0,4.0,Finished,12.0,71.0
2025,20,Mexico City Grand Prix,11.0,Yuki Tsunoda,Red Bull Racing,0 days 00:01:17.234000,0 days 00:01:16.816000,,10.0,11.0,Finished,0.0,71.0
2025,20,Mexico City Grand Prix,12.0,Esteban Ocon,Haas F1 Team,0 days 00:01:16.948000,0 days 00:01:16.837000,,11.0,9.0,Finished,2.0,71.0
2025,20,Mexico City Grand Prix,13.0,Nico Hulkenberg,Kick Sauber,0 days 00:01:17.251000,0 days 00:01:17.016000,,13.0,19.0,Retired,0.0,25.0
2025,20,Mexico City Grand Prix,14.0,Fernando Alonso,Aston Martin,0 days 00:01:17.232000,0 days 00:01:17.103000,,14.0,18.0,Retired,0.0,34.0
2025,20,Mexico City Grand Prix,15.0,Liam Lawson,Racing Bulls,0 days 00:01:16.961000,0 days 00:01:18.072000,,15.0,20.0,Retired,0.0,5.0
2025,20,Mexico City Grand Prix,16.0,Gabriel Bortoleto,Kick Sauber,0 days 00:01:17.412000,,,16.0,10.0,Finished,1.0,71.0
2025,20,Mexico City Grand Prix,17.0,Alexander Albon,Williams,0 days 00:01:17.490000,,,17.0,12.0,Lapped,0.0,70.0
2025,20,Mexico City Grand Prix,18.0,Pierre Gasly,Alpine,0 days 00:01:17.546000,,,18.0,15.0,Lapped,0.0,70.0
2025,20,Mexico City Grand Prix,19.0,Lance Stroll,Aston Martin,0 days 00:01:17.606000,,,19.0,14.0,Lapped,0.0,70.0
2025,20,Mexico City Grand Prix,20.0,Franco Colapinto,Alpine,0 days 00:01:17.670000,,,20.0,16.0,Lapped,0.0,70.0
2025,21,So Paulo Grand Prix,1.0,Lando Norris,McLaren,0 days 00:01:09.656000,0 days 00:01:09.616000,0 days 00:01:09.511000,1.0,1.0,Finished,25.0,71.0
2025,21,So Paulo Grand Prix,2.0,Kimi Antonelli,Mercedes,0 days 00:01:10.192000,0 days 00:01:09.774000,0 days 00:01:09.685000,2.0,2.0,Finished,18.0,71.0
2025,21,So Paulo Grand Prix,3.0,Charles Leclerc,Ferrari,0 days 00:01:09.934000,0 days 00:01:09.801000,0 days 00:01:09.805000,3.0,19.0,Retired,0.0,5.0
2025,21,So Paulo Grand Prix,4.0,Oscar Piastri,McLaren,0 days 00:01:09.928000,0 days 00:01:09.835000,0 days 00:01:09.886000,4.0,5.0,Finished,10.0,71.0
2025,21,So Paulo Grand Prix,5.0,Isack Hadjar,Racing Bulls,0 days 00:01:10.083000,0 days 00:01:09.970000,0 days 00:01:09.931000,5.0,8.0,Finished,4.0,71.0
2025,21,So Paulo Grand Prix,6.0,George Russell,Mercedes,0 days 00:01:09.935000,0 days 00:01:09.880000,0 days 00:01:09.942000,6.0,4.0,Finished,12.0,71.0
2025,21,So Paulo Grand Prix,7.0,Liam Lawson,Racing Bulls,0 days 00:01:10.108000,0 days 00:01:09.950000,0 days 00:01:09.962000,7.0,7.0,Finished,6.0,71.0
2025,21,So Paulo Grand Prix,8.0,Oliver Bearman,Haas F1 Team,0 days 00:01:09.891000,0 days 00:01:09.755000,0 days 00:01:09.977000,8.0,6.0,Finished,8.0,71.0
2025,21,So Paulo Grand Prix,9.0,Pierre Gasly,Alpine,0 days 00:01:09.885000,0 days 00:01:09.857000,0 days 00:01:10.002000,9.0,10.0,Finished,1.0,71.0
2025,21,So Paulo Grand Prix,10.0,Nico Hulkenberg,Kick Sauber,0 days 00:01:10.337000,0 days 00:01:09.985000,0 days 00:01:10.039000,10.0,9.0,Finished,2.0,71.0
2025,21,So Paulo Grand Prix,11.0,Fernando Alonso,Aston Martin,0 days 00:01:10.181000,0 days 00:01:10.001000,,11.0,14.0,Finished,0.0,71.0
2025,21,So Paulo Grand Prix,12.0,Alexander Albon,Williams,0 days 00:01:10.115000,0 days 00:01:10.053000,,12.0,11.0,Finished,0.0,71.0
2025,21,So Paulo Grand Prix,13.0,Lewis Hamilton,Ferrari,0 days 00:01:10.016000,0 days 00:01:10.100000,,13.0,18.0,Retired,0.0,37.0
2025,21,So Paulo Grand Prix,14.0,Lance Stroll,Aston Martin,0 days 00:01:10.041000,0 days 00:01:10.161000,,14.0,16.0,Finished,0.0,71.0
2025,21,So Paulo Grand Prix,15.0,Carlos Sainz,Williams,0 days 00:01:10.184000,0 days 00:01:10.472000,,15.0,13.0,Finished,0.0,71.0
2025,21,So Paulo Grand Prix,16.0,Max Verstappen,Red Bull Racing,0 days 00:01:10.403000,,,19.0,3.0,Finished,15.0,71.0
2025,21,So Paulo Grand Prix,17.0,Esteban Ocon,Haas F1 Team,0 days 00:01:10.438000,,,20.0,12.0,Finished,0.0,71.0
2025,21,So Paulo Grand Prix,18.0,Franco Colapinto,Alpine,0 days 00:01:10.632000,,,16.0,15.0,Finished,0.0,71.0
2025,21,So Paulo Grand Prix,19.0,Yuki Tsunoda,Red Bull Racing,0 days 00:01:10.711000,,,17.0,17.0,Finished,0.0,71.0
2025,21,So Paulo Grand Prix,,Gabriel Bortoleto,Kick Sauber,,,,18.0,20.0,Retired,0.0,0.0
2025,22,Las Vegas Grand Prix,1.0,Lando Norris,McLaren,0 days 00:01:55.473000,0 days 00:01:51.379000,0 days 00:01:47.934000,1.0,19.0,Disqualified,0.0,50.0
2025,22,Las Vegas Grand Prix,2.0,Max Verstappen,Red Bull Racing,0 days 00:01:53.458000,0 days 00:01:51.593000,0 days 00:01:48.257000,2.0,1.0,Finished,25.0,50.0
2025,22,Las Vegas Grand Prix,3.0,Carlos Sainz,Williams,0 days 00:01:54.873000,0 days 00:01:51.144000,0 days 00:01:48.296000,3.0,5.0,Finished,10.0,50.0
2025,22,Las Vegas Grand Prix,4.0,George Russell,Mercedes,0 days 00:01:53.144000,0 days 00:01:50.935000,0 days 00:01:48.803000,4.0,2.0,Finished,18.0,50.0
2025,22,Las Vegas Grand Prix,5.0,Oscar Piastri,McLaren,0 days 00:01:54.544000,0 days 00:01:52.126000,0 days 00:01:48.961000,5.0,20.0,Disqualified,0.0,50.0
2025,22,Las Vegas Grand Prix,6.0,Liam Lawson,Racing Bulls,0 days 00:01:54.828000,0 days 00:01:51.621000,0 days 00:01:49.062000,6.0,14.0,Lapped,0.0,49.0
2025,22,Las Vegas Grand Prix,7.0,Fernando Alonso,Aston Martin,0 days 00:01:53.739000,0 days 00:01:51.865000,0 days 00:01:49.466000,7.0,11.0,Finished,0.0,50.0
2025,22,Las Vegas Grand Prix,8.0,Isack Hadjar,Racing Bulls,0 days 00:01:55.613000,0 days 00:01:51.120000,0 days 00:01:49.554000,8.0,6.0,Finished,8.0,50.0
2025,22,Las Vegas Grand Prix,9.0,Charles Leclerc,Ferrari,0 days 00:01:54.814000,0 days 00:01:51.952000,0 days 00:01:49.872000,9.0,4.0,Finished,12.0,50.0
2025,22,Las Vegas Grand Prix,10.0,Pierre Gasly,Alpine,0 days 00:01:54.432000,0 days 00:01:51.760000,0 days 00:01:51.540000,10.0,13.0,Finished,0.0,50.0
2025,22,Las Vegas Grand Prix,11.0,Nico Hulkenberg,Kick Sauber,0 days 00:01:54.555000,0 days 00:01:52.781000,,11.0,7.0,Finished,6.0,50.0
2025,22,Las Vegas Grand Prix,12.0,Lance Stroll,Aston Martin,0 days 00:01:54.416000,0 days 00:01:52.850000,,12.0,18.0,Retired,0.0,0.0
2025,22,Las Vegas Grand Prix,13.0,Esteban Ocon,Haas F1 Team,0 days 00:01:54.635000,0 days 00:01:52.987000,,13.0,9.0,Finished,2.0,50.0
2025,22,Las Vegas Grand Prix,14.0,Oliver Bearman,Haas F1 Team,0 days 00:01:56.016000,0 days 00:01:53.094000,,14.0,10.0,Finished,1.0,50.0
2025,22,Las Vegas Grand Prix,15.0,Franco Colapinto,Alpine,0 days 00:01:54.847000,0 days 00:01:53.683000,,15.0,15.0,Lapped,0.0,49.0
2025,22,Las Vegas Grand Prix,16.0,Alexander Albon,Williams,0 days 00:01:56.220000,,,16.0,16.0,Retired,0.0,35.0
2025,22,Las Vegas Grand Prix,17.0,Kimi Antonelli,Mercedes,0 days 00:01:56.314000,,,17.0,3.0,Finished,15.0,50.0
2025,22,Las Vegas Grand Prix,18.0,Gabriel Bortoleto,Kick Sauber,0 days 00:01:56.674000,,,18.0,17.0,Retired,0.0,2.0
2025,22,Las Vegas Grand Prix,19.0,Yuki Tsunoda,Red Bull Racing,0 days 00:01:56.798000,,,20.0,12.0,Finished,0.0,50.0
2025,22,Las Vegas Grand Prix,20.0,Lewis Hamilton,Ferrari,0 days 00:01:57.115000,,,19.0,8.0,Finished,4.0,50.0
